"index","country","continent","year","population","number_of_languages","year_index"
"0","Afghanistan","Asia","2018","37172386","5","1"
"1","Albania","Europe","2018","2866376","3","1"
"2","Algeria","Africa","2018","42228429","2","1"
"3","American Samoa","Oceania","2017","55620","3","1"
"4","Andorra","Europe","2018","77006","4","1"
"5","Angola","Africa","2018","30809762","9","1"
"6","Antigua and Barbuda","North America","2018","96286","2","1"
"7","Argentina","South America","2018","44494502","3","1"
"8","Armenia","Asia","2018","2951776","2","1"
"9","Aruba","North America","2017","105366","4","1"
"10","Australia","Oceania","2018","24992369","8","1"
"11","Austria","Europe","2018","8847037","8","1"
"12","Azerbaijan","Asia","2018","9942334","4","1"
"13","Bahamas","North America","2017","381761","2","1"
"14","Bahrain","Asia","2018","1569439","2","1"
"15","Bangladesh","Asia","2018","161356039","7","1"
"16","Barbados","North America","2017","286233","2","1"
"17","Belarus","Europe","2018","9485386","4","1"
"18","Belgium","Europe","2018","11422068","6","1"
"19","Belize","North America","2018","383071","4","1"
"20","Benin","Africa","2018","11485048","7","1"
"21","Bermuda","North America","2013","65001","1","1"
"22","Bhutan","Asia","2018","754394","3","1"
"23","Bolivia","South America","2018","11353142","4","1"
"24","Bosnia and Herzegovina","Europe","2018","3323929","1","1"
"25","Botswana","Africa","2018","2254126","5","1"
"26","Brazil","South America","2018","209469333","5","1"
"27","Brunei","Asia","2018","428962","4","1"
"28","Bulgaria","Europe","2018","7024216","4","1"
"29","Burkina Faso","Africa","2018","19751535","6","1"
"30","Burundi","Africa","2018","11175378","3","1"
"31","Cambodia","Asia","2018","16249798","4","1"
"32","Cameroon","Africa","2018","25216237","8","1"
"33","Canada","North America","2018","37058856","12","1"
"34","Cape Verde","Africa","2018","543767","2","1"
"35","Cayman Islands","North America","2017","63382","1","1"
"36","Central African Republic","Africa","2018","4666377","6","1"
"37","Chad","Africa","2018","15477751","8","1"
"38","Chile","South America","2018","18729160","4","1"
"39","China","Asia","2018","1392730000","12","1"
"40","Colombia","South America","2018","49648685","5","1"
"41","Comoros","Africa","2018","832322","5","1"
"42","Congo","Africa","2018","5244363","6","1"
"43","Costa Rica","North America","2018","4999441","4","1"
"44","Côte d’Ivoire","Africa","2018","25069229","5","1"
"45","Croatia","Europe","2018","4089400","2","1"
"46","Cuba","North America","2017","11339259","1","1"
"47","Cyprus","Asia","2018","1189265","2","1"
"48","Czech Republic","Europe","2018","10625695","8","1"
"49","Denmark","Europe","2018","5797446","7","1"
"50","Djibouti","Africa","2018","958920","3","1"
"51","Dominica","North America","2018","71625","2","1"
"52","Dominican Republic","North America","2018","10627165","2","1"
"53","Ecuador","South America","2018","17084357","2","1"
"54","Egypt","Africa","2018","98423595","2","1"
"55","El Salvador","North America","2018","6420744","2","1"
"56","Equatorial Guinea","Africa","2018","1308974","2","1"
"57","Eritrea","Africa","2011","3213972","6","1"
"58","Estonia","Europe","2018","1320884","5","1"
"59","Ethiopia","Africa","2018","109224559","7","1"
"60","Faroe Islands","Europe","2016","48173","2","1"
"61","Federated States of Micronesia","Oceania","2018","112640","6","1"
"62","Fiji Islands","Oceania","2018","883483","2","1"
"63","Finland","Europe","2018","5518050","5","1"
"64","France","Europe","2018","66987244","6","1"
"65","French Polynesia","Oceania","2000","240686","3","1"
"66","Gabon","Africa","2018","2119275","4","1"
"67","Gambia","Africa","2018","2280102","5","1"
"68","Georgia","Asia","2018","3731000","6","1"
"69","Germany","Europe","2018","82927922","6","1"
"70","Ghana","Africa","2018","29767108","6","1"
"71","Greece","Europe","2018","10727668","2","1"
"72","Greenland","North America","2016","56186","2","1"
"73","Grenada","North America","2018","111454","1","1"
"74","Guam","Oceania","2017","164281","5","1"
"75","Guatemala","North America","2018","17247807","5","1"
"76","Guinea","Africa","2018","12414318","7","1"
"77","Guinea-Bissau","Africa","2018","1874309","6","1"
"78","Guyana","South America","2018","779004","3","1"
"79","Haiti","North America","2018","11123176","2","1"
"80","Honduras","North America","2018","9587522","4","1"
"81","Hong Kong","Asia","2018","7451000","5","1"
"82","Hungary","Europe","2018","9768785","6","1"
"83","Iceland","Europe","2018","353574","2","1"
"84","India","Asia","2018","1352617328","12","1"
"85","Indonesia","Asia","2018","267663435","9","1"
"86","Iran","Asia","2017","80673951","10","1"
"87","Iraq","Asia","2018","38433600","5","1"
"88","Ireland","Europe","2018","4853506","2","1"
"89","Israel","Asia","2018","8883800","3","1"
"90","Italy","Europe","2018","60431283","8","1"
"91","Jamaica","North America","2018","2934855","2","1"
"92","Japan","Asia","2018","126529100","6","1"
"93","Jordan","Asia","2018","9956011","3","1"
"94","Kazakstan","Asia","2018","18276499","6","1"
"95","Kenya","Africa","2018","51393010","10","1"
"96","Kiribati","Oceania","2018","115847","2","1"
"97","Kuwait","Asia","2018","4137309","2","1"
"98","Kyrgyzstan","Asia","2018","6315800","7","1"
"99","Laos","Asia","2018","7061507","4","1"
"100","Latvia","Europe","2018","1926542","6","1"
"101","Lebanon","Asia","2018","6848925","3","1"
"102","Lesotho","Africa","2018","2108132","3","1"
"103","Liberia","Africa","2018","4818977","8","1"
"104","Libyan Arab Jamahiriya","Africa","2018","6678567","2","1"
"105","Liechtenstein","Europe","2016","37658","3","1"
"106","Lithuania","Europe","2018","2789533","5","1"
"107","Luxembourg","Europe","2018","607728","5","1"
"108","Macao","Asia","2018","631636","4","1"
"109","Macedonia","Europe","2018","2082958","5","1"
"110","Madagascar","Africa","2018","26262368","2","1"
"111","Malawi","Africa","2018","18143315","4","1"
"112","Malaysia","Asia","2018","31528585","6","1"
"113","Maldives","Asia","2018","515696","2","1"
"114","Mali","Africa","2018","19077690","6","1"
"115","Malta","Europe","2018","483530","2","1"
"116","Marshall Islands","Oceania","2018","58413","2","1"
"117","Mauritania","Africa","2018","4403319","6","1"
"118","Mauritius","Africa","2018","1265303","6","1"
"119","Mexico","North America","2018","126190788","6","1"
"120","Moldova","Europe","2018","3545883","5","1"
"121","Monaco","Europe","2017","38392","4","1"
"122","Mongolia","Asia","2018","3170208","6","1"
"123","Morocco","Africa","2018","36029138","2","1"
"124","Mozambique","Africa","2018","29495962","10","1"
"125","Myanmar","Asia","2018","53708395","8","1"
"126","Namibia","Africa","2018","2448255","8","1"
"127","Nauru","Oceania","2018","12704","5","1"
"128","Nepal","Asia","2018","28087871","7","1"
"129","Netherlands","Europe","2018","17231017","4","1"
"130","New Caledonia","Oceania","2000","213230","3","1"
"131","New Zealand","Oceania","2018","4885500","2","1"
"132","Nicaragua","North America","2018","6465513","4","1"
"133","Niger","Africa","2018","22442948","5","1"
"134","Nigeria","Africa","2018","195874740","10","1"
"135","Northern Mariana Islands","Oceania","2017","56562","6","1"
"136","Norway","Europe","2018","5314336","5","1"
"137","Oman","Asia","2018","4829483","2","1"
"138","Pakistan","Asia","2018","212215030","8","1"
"139","Palau","Oceania","2018","17907","4","1"
"140","Palestine","Asia","2018","4569087","2","1"
"141","Panama","North America","2018","4176873","6","1"
"142","Papua New Guinea","Oceania","2018","8606316","2","1"
"143","Paraguay","South America","2018","6956071","4","1"
"144","Peru","South America","2018","31989256","3","1"
"145","Philippines","Asia","2018","106651922","10","1"
"146","Poland","Europe","2018","37978548","4","1"
"147","Portugal","Europe","2018","10281762","1","1"
"148","Puerto Rico","North America","2018","3195153","2","1"
"149","Qatar","Asia","2018","2781677","2","1"
"150","Russian Federation","Europe","2018","144478050","12","1"
"151","Rwanda","Africa","2018","12301939","2","1"
"152","Saint Kitts and Nevis","North America","2018","52441","2","1"
"153","Saint Lucia","North America","2018","181889","2","1"
"154","Saint Vincent and the Grenadines","North America","2018","110210","2","1"
"155","Samoa","Oceania","2018","196130","3","1"
"156","San Marino","Europe","2017","33671","1","1"
"157","Sao Tome and Principe","Africa","2018","211028","2","1"
"158","Saudi Arabia","Asia","2018","33699947","1","1"
"159","Senegal","Africa","2018","15854360","6","1"
"160","Seychelles","Africa","2018","96762","3","1"
"161","Sierra Leone","Africa","2018","7650154","8","1"
"162","Singapore","Asia","2018","5638676","3","1"
"163","Slovakia","Europe","2018","5447011","5","1"
"164","Slovenia","Europe","2018","2067372","3","1"
"165","Solomon Islands","Oceania","2018","652858","3","1"
"166","Somalia","Africa","2018","15008154","2","1"
"167","South Africa","Africa","2018","57779622","11","1"
"168","South Korea","Asia","2018","51635256","2","1"
"169","Spain","Europe","2018","46723749","4","1"
"170","Sri Lanka","Asia","2018","21670000","3","1"
"171","Sudan","Africa","2018","41801533","10","1"
"172","Suriname","South America","2018","575991","2","1"
"173","Swaziland","Africa","2018","1136191","2","1"
"174","Sweden","Europe","2018","10183175","6","1"
"175","Switzerland","Europe","2018","8516543","4","1"
"176","Syria","Asia","2007","19878254","2","1"
"177","Tajikistan","Asia","2018","9100837","3","1"
"178","Tanzania","Africa","2018","56318348","11","1"
"179","Thailand","Asia","2018","69428524","6","1"
"180","The Democratic Republic of the Congo","Africa","2018","84068091","10","1"
"181","Togo","Africa","2018","7889094","8","1"
"182","Tonga","Oceania","2018","103197","2","1"
"183","Trinidad and Tobago","North America","2018","1389858","3","1"
"184","Tunisia","Africa","2018","11565204","3","1"
"185","Turkey","Asia","2018","82319724","3","1"
"186","Turkmenistan","Asia","2018","5850908","4","1"
"187","Turks and Caicos Islands","North America","2018","37665","1","1"
"188","Tuvalu","Oceania","2018","11508","3","1"
"189","Uganda","Africa","2018","42723139","10","1"
"190","Ukraine","Europe","2018","44622516","7","1"
"191","United Arab Emirates","Asia","2018","9630959","2","1"
"192","United Kingdom","Europe","2018","66488991","3","1"
"193","United States","North America","2018","327167434","12","1"
"194","Uruguay","South America","2018","3449299","1","1"
"195","Uzbekistan","Asia","2018","32955400","6","1"
"196","Vanuatu","Oceania","2018","292680","3","1"
"197","Venezuela","South America","2014","30045134","3","1"
"198","Vietnam","Asia","2018","95540395","9","1"
"199","Virgin Islands, U.S.","North America","2017","107268","3","1"
"200","Yemen","Asia","2018","28498687","2","1"
"201","Zambia","Africa","2018","17351822","6","1"
"202","Zimbabwe","Africa","2018","14439018","4","1"